file,line,type,commit,author,date,time,timezone,datetime,depth,length
style.css,1,css,f1aa6104,Shourya-Kulkarni,2026-04-08,21:07:33,-07:00,2026-04-08T21:07:33-07:00,0,4
style.css,2,css,f1aa6104,Shourya-Kulkarni,2026-04-08,21:07:33,-07:00,2026-04-08T21:07:33-07:00,1,31
style.css,3,css,f1aa6104,Shourya-Kulkarni,2026-04-08,21:07:33,-07:00,2026-04-08T21:07:33-07:00,1,32
style.css,4,css,939e141d,Shourya-Kulkarni,2026-04-15,15:40:22,-07:00,2026-04-15T15:40:22-07:00,1,23
style.css,5,css,f1aa6104,Shourya-Kulkarni,2026-04-08,21:07:33,-07:00,2026-04-08T21:07:33-07:00,0,0
style.css,6,css,f1aa6104,Shourya-Kulkarni,2026-04-08,21:07:33,-07:00,2026-04-08T21:07:33-07:00,0,0
style.css,7,css,55cd06da,Shourya-Kulkarni,2026-04-03,17:19:30,-07:00,2026-04-03T17:19:30-07:00,0,4
style.css,8,css,55cd06da,Shourya-Kulkarni,2026-04-03,17:19:30,-07:00,2026-04-03T17:19:30-07:00,1,23
style.css,9,css,f1aa6104,Shourya-Kulkarni,2026-04-08,21:07:33,-07:00,2026-04-08T21:07:33-07:00,1,15
style.css,10,css,f1aa6104,Shourya-Kulkarni,2026-04-08,21:07:33,-07:00,2026-04-08T21:07:33-07:00,1,18
style.css,11,css,f1aa6104,Shourya-Kulkarni,2026-04-08,21:07:33,-07:00,2026-04-08T21:07:33-07:00,1,18
style.css,12,css,8d59236e,Shourya-Kulkarni,2026-04-03,18:00:55,-07:00,2026-04-03T18:00:55-07:00,0,0
style.css,13,css,8d59236e,Shourya-Kulkarni,2026-04-03,18:00:55,-07:00,2026-04-03T18:00:55-07:00,0,0
style.css,14,css,8d59236e,Shourya-Kulkarni,2026-04-03,18:00:55,-07:00,2026-04-03T18:00:55-07:00,0,3
style.css,15,css,8d59236e,Shourya-Kulkarni,2026-04-03,18:00:55,-07:00,2026-04-03T18:00:55-07:00,1,14
style.css,16,css,f1aa6104,Shourya-Kulkarni,2026-04-08,21:07:33,-07:00,2026-04-08T21:07:33-07:00,0,0
style.css,17,css,f1aa6104,Shourya-Kulkarni,2026-04-08,21:07:33,-07:00,2026-04-08T21:07:33-07:00,0,0
style.css,18,css,f1aa6104,Shourya-Kulkarni,2026-04-08,21:07:33,-07:00,2026-04-08T21:07:33-07:00,0,14
style.css,19,css,f1aa6104,Shourya-Kulkarni,2026-04-08,21:07:33,-07:00,2026-04-08T21:07:33-07:00,1,16
style.css,20,css,f1aa6104,Shourya-Kulkarni,2026-04-08,21:07:33,-07:00,2026-04-08T21:07:33-07:00,0,0
style.css,21,css,f1aa6104,Shourya-Kulkarni,2026-04-08,21:07:33,-07:00,2026-04-08T21:07:33-07:00,0,0
style.css,22,css,f1aa6104,Shourya-Kulkarni,2026-04-08,21:07:33,-07:00,2026-04-08T21:07:33-07:00,0,3
style.css,23,css,f1aa6104,Shourya-Kulkarni,2026-04-08,21:07:33,-07:00,2026-04-08T21:07:33-07:00,1,12
style.css,24,css,f1aa6104,Shourya-Kulkarni,2026-04-08,21:07:33,-07:00,2026-04-08T21:07:33-07:00,0,0
style.css,25,css,f1aa6104,Shourya-Kulkarni,2026-04-08,21:07:33,-07:00,2026-04-08T21:07:33-07:00,0,0
style.css,26,css,f1aa6104,Shourya-Kulkarni,2026-04-08,21:07:33,-07:00,2026-04-08T21:07:33-07:00,0,5
style.css,27,css,f1aa6104,Shourya-Kulkarni,2026-04-08,21:07:33,-07:00,2026-04-08T21:07:33-07:00,1,6
style.css,28,css,f1aa6104,Shourya-Kulkarni,2026-04-08,21:07:33,-07:00,2026-04-08T21:07:33-07:00,0,0
style.css,29,css,f1aa6104,Shourya-Kulkarni,2026-04-08,21:07:33,-07:00,2026-04-08T21:07:33-07:00,0,0
style.css,30,css,f1aa6104,Shourya-Kulkarni,2026-04-08,21:07:33,-07:00,2026-04-08T21:07:33-07:00,0,5
style.css,31,css,f1aa6104,Shourya-Kulkarni,2026-04-08,21:07:33,-07:00,2026-04-08T21:07:33-07:00,1,6
style.css,32,css,f1aa6104,Shourya-Kulkarni,2026-04-08,21:07:33,-07:00,2026-04-08T21:07:33-07:00,1,20
style.css,33,css,f1aa6104,Shourya-Kulkarni,2026-04-08,21:07:33,-07:00,2026-04-08T21:07:33-07:00,1,13
style.css,34,css,f1aa6104,Shourya-Kulkarni,2026-04-08,21:07:33,-07:00,2026-04-08T21:07:33-07:00,1,17
style.css,35,css,f1aa6104,Shourya-Kulkarni,2026-04-08,21:07:33,-07:00,2026-04-08T21:07:33-07:00,1,13
style.css,36,css,f1aa6104,Shourya-Kulkarni,2026-04-08,21:07:33,-07:00,2026-04-08T21:07:33-07:00,0,0
style.css,37,css,f1aa6104,Shourya-Kulkarni,2026-04-08,21:07:33,-07:00,2026-04-08T21:07:33-07:00,0,0
style.css,38,css,f1aa6104,Shourya-Kulkarni,2026-04-08,21:07:33,-07:00,2026-04-08T21:07:33-07:00,0,3
style.css,39,css,f1aa6104,Shourya-Kulkarni,2026-04-08,21:07:33,-07:00,2026-04-08T21:07:33-07:00,1,12
style.css,40,css,f1aa6104,Shourya-Kulkarni,2026-04-08,21:07:33,-07:00,2026-04-08T21:07:33-07:00,1,17
style.css,41,css,f1aa6104,Shourya-Kulkarni,2026-04-08,21:07:33,-07:00,2026-04-08T21:07:33-07:00,1,41
style.css,42,css,f1aa6104,Shourya-Kulkarni,2026-04-08,21:07:33,-07:00,2026-04-08T21:07:33-07:00,0,0
style.css,43,css,f1aa6104,Shourya-Kulkarni,2026-04-08,21:07:33,-07:00,2026-04-08T21:07:33-07:00,0,0
style.css,44,css,f1aa6104,Shourya-Kulkarni,2026-04-08,21:07:33,-07:00,2026-04-08T21:07:33-07:00,0,13
style.css,45,css,f1aa6104,Shourya-Kulkarni,2026-04-08,21:07:33,-07:00,2026-04-08T21:07:33-07:00,1,43
style.css,46,css,f1aa6104,Shourya-Kulkarni,2026-04-08,21:07:33,-07:00,2026-04-08T21:07:33-07:00,1,20
style.css,47,css,f1aa6104,Shourya-Kulkarni,2026-04-08,21:07:33,-07:00,2026-04-08T21:07:33-07:00,0,0
style.css,48,css,f1aa6104,Shourya-Kulkarni,2026-04-08,21:07:33,-07:00,2026-04-08T21:07:33-07:00,0,0
style.css,49,css,f1aa6104,Shourya-Kulkarni,2026-04-08,21:07:33,-07:00,2026-04-08T21:07:33-07:00,0,11
style.css,50,css,f1aa6104,Shourya-Kulkarni,2026-04-08,21:07:33,-07:00,2026-04-08T21:07:33-07:00,1,45
style.css,51,css,f1aa6104,Shourya-Kulkarni,2026-04-08,21:07:33,-07:00,2026-04-08T21:07:33-07:00,1,20
style.css,52,css,eabafc68,Shourya-Kulkarni,2026-04-08,21:37:36,-07:00,2026-04-08T21:37:36-07:00,1,57
style.css,53,css,eabafc68,Shourya-Kulkarni,2026-04-08,21:37:36,-07:00,2026-04-08T21:37:36-07:00,0,0
style.css,54,css,eabafc68,Shourya-Kulkarni,2026-04-08,21:37:36,-07:00,2026-04-08T21:37:36-07:00,0,0
style.css,55,css,eabafc68,Shourya-Kulkarni,2026-04-08,21:37:36,-07:00,2026-04-08T21:37:36-07:00,0,23
style.css,56,css,eabafc68,Shourya-Kulkarni,2026-04-08,21:37:36,-07:00,2026-04-08T21:37:36-07:00,1,12
style.css,57,css,eabafc68,Shourya-Kulkarni,2026-04-08,21:37:36,-07:00,2026-04-08T21:37:36-07:00,0,0
style.css,58,css,eabafc68,Shourya-Kulkarni,2026-04-08,21:37:36,-07:00,2026-04-08T21:37:36-07:00,0,0
style.css,59,css,cb76562b,Shourya-Kulkarni,2026-04-08,21:47:58,-07:00,2026-04-08T21:47:58-07:00,0,4
style.css,60,css,cb76562b,Shourya-Kulkarni,2026-04-08,21:47:58,-07:00,2026-04-08T21:47:58-07:00,1,12
style.css,61,css,cb76562b,Shourya-Kulkarni,2026-04-08,21:47:58,-07:00,2026-04-08T21:47:58-07:00,1,30
style.css,62,css,cb76562b,Shourya-Kulkarni,2026-04-08,21:47:58,-07:00,2026-04-08T21:47:58-07:00,1,7
style.css,63,css,eabafc68,Shourya-Kulkarni,2026-04-08,21:37:36,-07:00,2026-04-08T21:37:36-07:00,0,0
style.css,64,css,eabafc68,Shourya-Kulkarni,2026-04-08,21:37:36,-07:00,2026-04-08T21:37:36-07:00,0,0
style.css,65,css,cb76562b,Shourya-Kulkarni,2026-04-08,21:47:58,-07:00,2026-04-08T21:47:58-07:00,0,10
style.css,66,css,cb76562b,Shourya-Kulkarni,2026-04-08,21:47:58,-07:00,2026-04-08T21:47:58-07:00,1,12
style.css,67,css,cb76562b,Shourya-Kulkarni,2026-04-08,21:47:58,-07:00,2026-04-08T21:47:58-07:00,1,29
style.css,68,css,cb76562b,Shourya-Kulkarni,2026-04-08,21:47:58,-07:00,2026-04-08T21:47:58-07:00,1,18
style.css,69,css,cb76562b,Shourya-Kulkarni,2026-04-08,21:47:58,-07:00,2026-04-08T21:47:58-07:00,0,0
style.css,70,css,cb76562b,Shourya-Kulkarni,2026-04-08,21:47:58,-07:00,2026-04-08T21:47:58-07:00,0,0
style.css,71,css,cb76562b,Shourya-Kulkarni,2026-04-08,21:47:58,-07:00,2026-04-08T21:47:58-07:00,0,11
style.css,72,css,cb76562b,Shourya-Kulkarni,2026-04-08,21:47:58,-07:00,2026-04-08T21:47:58-07:00,1,18
style.css,73,css,cb76562b,Shourya-Kulkarni,2026-04-08,21:47:58,-07:00,2026-04-08T21:47:58-07:00,0,0
style.css,74,css,cb76562b,Shourya-Kulkarni,2026-04-08,21:47:58,-07:00,2026-04-08T21:47:58-07:00,0,0
style.css,75,css,cb76562b,Shourya-Kulkarni,2026-04-08,21:47:58,-07:00,2026-04-08T21:47:58-07:00,0,9
style.css,76,css,cb76562b,Shourya-Kulkarni,2026-04-08,21:47:58,-07:00,2026-04-08T21:47:58-07:00,1,12
style.css,77,css,cb76562b,Shourya-Kulkarni,2026-04-08,21:47:58,-07:00,2026-04-08T21:47:58-07:00,1,58
style.css,78,css,d741a30c,Shourya-Kulkarni,2026-04-08,21:59:01,-07:00,2026-04-08T21:59:01-07:00,1,7
style.css,79,css,d741a30c,Shourya-Kulkarni,2026-04-08,21:59:01,-07:00,2026-04-08T21:59:01-07:00,0,0
style.css,80,css,d741a30c,Shourya-Kulkarni,2026-04-08,21:59:01,-07:00,2026-04-08T21:59:01-07:00,0,0
style.css,81,css,d741a30c,Shourya-Kulkarni,2026-04-08,21:59:01,-07:00,2026-04-08T21:59:01-07:00,0,17
style.css,82,css,d741a30c,Shourya-Kulkarni,2026-04-08,21:59:01,-07:00,2026-04-08T21:59:01-07:00,1,12
style.css,83,css,d741a30c,Shourya-Kulkarni,2026-04-08,21:59:01,-07:00,2026-04-08T21:59:01-07:00,1,26
style.css,84,css,d741a30c,Shourya-Kulkarni,2026-04-08,21:59:01,-07:00,2026-04-08T21:59:01-07:00,1,15
style.css,85,css,6612a253,Shourya-Kulkarni,2026-04-08,22:06:15,-07:00,2026-04-08T22:06:15-07:00,0,0
style.css,86,css,6612a253,Shourya-Kulkarni,2026-04-08,22:06:15,-07:00,2026-04-08T22:06:15-07:00,0,0
style.css,87,css,6612a253,Shourya-Kulkarni,2026-04-08,22:06:15,-07:00,2026-04-08T22:06:15-07:00,0,22
style.css,88,css,6612a253,Shourya-Kulkarni,2026-04-08,22:06:15,-07:00,2026-04-08T22:06:15-07:00,1,15
style.css,89,css,6612a253,Shourya-Kulkarni,2026-04-08,22:06:15,-07:00,2026-04-08T22:06:15-07:00,1,17
style.css,90,css,6612a253,Shourya-Kulkarni,2026-04-08,22:06:15,-07:00,2026-04-08T22:06:15-07:00,0,0
style.css,91,css,6612a253,Shourya-Kulkarni,2026-04-08,22:06:15,-07:00,2026-04-08T22:06:15-07:00,0,0
style.css,92,css,6612a253,Shourya-Kulkarni,2026-04-08,22:06:15,-07:00,2026-04-08T22:06:15-07:00,0,2
style.css,93,css,6612a253,Shourya-Kulkarni,2026-04-08,22:06:15,-07:00,2026-04-08T22:06:15-07:00,1,14
style.css,94,css,497f8180,Shourya-Kulkarni,2026-04-08,22:10:30,-07:00,2026-04-08T22:10:30-07:00,0,0
style.css,95,css,497f8180,Shourya-Kulkarni,2026-04-08,22:10:30,-07:00,2026-04-08T22:10:30-07:00,0,0
style.css,96,css,979d60d8,Shourya-Kulkarni,2026-04-08,22:20:55,-07:00,2026-04-08T22:20:55-07:00,0,7
style.css,97,css,979d60d8,Shourya-Kulkarni,2026-04-08,22:20:55,-07:00,2026-04-08T22:20:55-07:00,1,14
style.css,98,css,497f8180,Shourya-Kulkarni,2026-04-08,22:10:30,-07:00,2026-04-08T22:10:30-07:00,0,0
style.css,99,css,497f8180,Shourya-Kulkarni,2026-04-08,22:10:30,-07:00,2026-04-08T22:10:30-07:00,0,0
style.css,100,css,979d60d8,Shourya-Kulkarni,2026-04-08,22:20:55,-07:00,2026-04-08T22:20:55-07:00,0,10
style.css,101,css,979d60d8,Shourya-Kulkarni,2026-04-08,22:20:55,-07:00,2026-04-08T22:20:55-07:00,1,14
style.css,102,css,979d60d8,Shourya-Kulkarni,2026-04-08,22:20:55,-07:00,2026-04-08T22:20:55-07:00,1,25
style.css,103,css,497f8180,Shourya-Kulkarni,2026-04-08,22:10:30,-07:00,2026-04-08T22:10:30-07:00,0,0
style.css,104,css,497f8180,Shourya-Kulkarni,2026-04-08,22:10:30,-07:00,2026-04-08T22:10:30-07:00,0,0
style.css,105,css,497f8180,Shourya-Kulkarni,2026-04-08,22:10:30,-07:00,2026-04-08T22:10:30-07:00,0,10
style.css,106,css,979d60d8,Shourya-Kulkarni,2026-04-08,22:20:55,-07:00,2026-04-08T22:20:55-07:00,1,43
style.css,107,css,979d60d8,Shourya-Kulkarni,2026-04-08,22:20:55,-07:00,2026-04-08T22:20:55-07:00,1,20
style.css,108,css,979d60d8,Shourya-Kulkarni,2026-04-08,22:20:55,-07:00,2026-04-08T22:20:55-07:00,0,0
style.css,109,css,979d60d8,Shourya-Kulkarni,2026-04-08,22:20:55,-07:00,2026-04-08T22:20:55-07:00,0,0
style.css,110,css,979d60d8,Shourya-Kulkarni,2026-04-08,22:20:55,-07:00,2026-04-08T22:20:55-07:00,0,10
style.css,111,css,979d60d8,Shourya-Kulkarni,2026-04-08,22:20:55,-07:00,2026-04-08T22:20:55-07:00,1,15
style.css,112,css,979d60d8,Shourya-Kulkarni,2026-04-08,22:20:55,-07:00,2026-04-08T22:20:55-07:00,0,0
style.css,113,css,979d60d8,Shourya-Kulkarni,2026-04-08,22:20:55,-07:00,2026-04-08T22:20:55-07:00,0,0
style.css,114,css,979d60d8,Shourya-Kulkarni,2026-04-08,22:20:55,-07:00,2026-04-08T22:20:55-07:00,0,12
style.css,115,css,979d60d8,Shourya-Kulkarni,2026-04-08,22:20:55,-07:00,2026-04-08T22:20:55-07:00,1,21
style.css,116,css,979d60d8,Shourya-Kulkarni,2026-04-08,22:20:55,-07:00,2026-04-08T22:20:55-07:00,1,17
style.css,117,css,979d60d8,Shourya-Kulkarni,2026-04-08,22:20:55,-07:00,2026-04-08T22:20:55-07:00,0,0
style.css,118,css,979d60d8,Shourya-Kulkarni,2026-04-08,22:20:55,-07:00,2026-04-08T22:20:55-07:00,0,0
style.css,119,css,979d60d8,Shourya-Kulkarni,2026-04-08,22:20:55,-07:00,2026-04-08T22:20:55-07:00,0,15
style.css,120,css,979d60d8,Shourya-Kulkarni,2026-04-08,22:20:55,-07:00,2026-04-08T22:20:55-07:00,1,18
style.css,121,css,979d60d8,Shourya-Kulkarni,2026-04-08,22:20:55,-07:00,2026-04-08T22:20:55-07:00,0,0
style.css,122,css,979d60d8,Shourya-Kulkarni,2026-04-08,22:20:55,-07:00,2026-04-08T22:20:55-07:00,0,0
style.css,123,css,979d60d8,Shourya-Kulkarni,2026-04-08,22:20:55,-07:00,2026-04-08T22:20:55-07:00,0,15
style.css,124,css,979d60d8,Shourya-Kulkarni,2026-04-08,22:20:55,-07:00,2026-04-08T22:20:55-07:00,1,16
style.css,125,css,939e141d,Shourya-Kulkarni,2026-04-15,15:40:22,-07:00,2026-04-15T15:40:22-07:00,0,0
style.css,126,css,939e141d,Shourya-Kulkarni,2026-04-15,15:40:22,-07:00,2026-04-15T15:40:22-07:00,0,13
style.css,127,css,939e141d,Shourya-Kulkarni,2026-04-15,15:40:22,-07:00,2026-04-15T15:40:22-07:00,1,17
style.css,128,css,939e141d,Shourya-Kulkarni,2026-04-15,15:40:22,-07:00,2026-04-15T15:40:22-07:00,1,8
style.css,129,css,939e141d,Shourya-Kulkarni,2026-04-15,15:40:22,-07:00,2026-04-15T15:40:22-07:00,1,10
style.css,130,css,939e141d,Shourya-Kulkarni,2026-04-15,15:40:22,-07:00,2026-04-15T15:40:22-07:00,1,13
style.css,131,css,939e141d,Shourya-Kulkarni,2026-04-15,15:40:22,-07:00,2026-04-15T15:40:22-07:00,1,19
style.css,132,css,51b6ec1c,Shourya-Kulkarni,2026-04-23,15:54:17,-07:00,2026-04-23T15:54:17-07:00,0,0
style.css,133,css,51b6ec1c,Shourya-Kulkarni,2026-04-23,15:54:17,-07:00,2026-04-23T15:54:17-07:00,0,0
style.css,134,css,51b6ec1c,Shourya-Kulkarni,2026-04-23,15:54:17,-07:00,2026-04-23T15:54:17-07:00,0,17
style.css,135,css,51b6ec1c,Shourya-Kulkarni,2026-04-23,15:54:17,-07:00,2026-04-23T15:54:17-07:00,1,12
style.css,136,css,51b6ec1c,Shourya-Kulkarni,2026-04-23,15:54:17,-07:00,2026-04-23T15:54:17-07:00,1,36
style.css,137,css,51b6ec1c,Shourya-Kulkarni,2026-04-23,15:54:17,-07:00,2026-04-23T15:54:17-07:00,0,0
style.css,138,css,51b6ec1c,Shourya-Kulkarni,2026-04-23,15:54:17,-07:00,2026-04-23T15:54:17-07:00,0,0
style.css,139,css,51b6ec1c,Shourya-Kulkarni,2026-04-23,15:54:17,-07:00,2026-04-23T15:54:17-07:00,0,17
style.css,140,css,51b6ec1c,Shourya-Kulkarni,2026-04-23,15:54:17,-07:00,2026-04-23T15:54:17-07:00,1,10
style.css,141,css,51b6ec1c,Shourya-Kulkarni,2026-04-23,15:54:17,-07:00,2026-04-23T15:54:17-07:00,1,15
style.css,142,css,51b6ec1c,Shourya-Kulkarni,2026-04-23,15:54:17,-07:00,2026-04-23T15:54:17-07:00,1,24
style.css,143,css,51b6ec1c,Shourya-Kulkarni,2026-04-23,15:54:17,-07:00,2026-04-23T15:54:17-07:00,1,10
style.css,144,css,51b6ec1c,Shourya-Kulkarni,2026-04-23,15:54:17,-07:00,2026-04-23T15:54:17-07:00,0,0
style.css,145,css,51b6ec1c,Shourya-Kulkarni,2026-04-23,15:54:17,-07:00,2026-04-23T15:54:17-07:00,0,0
style.css,146,css,51b6ec1c,Shourya-Kulkarni,2026-04-23,15:54:17,-07:00,2026-04-23T15:54:17-07:00,0,17
style.css,147,css,51b6ec1c,Shourya-Kulkarni,2026-04-23,15:54:17,-07:00,2026-04-23T15:54:17-07:00,1,10
style.css,148,css,51b6ec1c,Shourya-Kulkarni,2026-04-23,15:54:17,-07:00,2026-04-23T15:54:17-07:00,1,13
style.css,149,css,51b6ec1c,Shourya-Kulkarni,2026-04-23,15:54:17,-07:00,2026-04-23T15:54:17-07:00,1,8
style.css,150,css,51b6ec1c,Shourya-Kulkarni,2026-04-23,15:54:17,-07:00,2026-04-23T15:54:17-07:00,1,16
style.css,151,css,3f440f28,Shourya-Kulkarni,2026-05-01,12:26:03,-07:00,2026-05-01T12:26:03-07:00,0,0
style.css,152,css,3f440f28,Shourya-Kulkarni,2026-05-01,12:26:03,-07:00,2026-05-01T12:26:03-07:00,0,0
style.css,153,css,3f440f28,Shourya-Kulkarni,2026-05-01,12:26:03,-07:00,2026-05-01T12:26:03-07:00,0,18
style.css,154,css,3f440f28,Shourya-Kulkarni,2026-05-01,12:26:03,-07:00,2026-05-01T12:26:03-07:00,1,14
style.css,155,css,3f440f28,Shourya-Kulkarni,2026-05-01,12:26:03,-07:00,2026-05-01T12:26:03-07:00,1,16
style.css,156,css,3f440f28,Shourya-Kulkarni,2026-05-01,12:26:03,-07:00,2026-05-01T12:26:03-07:00,1,16
style.css,157,css,9129375d,Shourya-Kulkarni,2026-05-01,12:45:22,-07:00,2026-05-01T12:45:22-07:00,0,0
style.css,158,css,9129375d,Shourya-Kulkarni,2026-05-01,12:45:22,-07:00,2026-05-01T12:45:22-07:00,0,0
style.css,159,css,9129375d,Shourya-Kulkarni,2026-05-01,12:45:22,-07:00,2026-05-01T12:45:22-07:00,0,10
style.css,160,css,9129375d,Shourya-Kulkarni,2026-05-01,12:45:22,-07:00,2026-05-01T12:45:22-07:00,1,12
style.css,161,css,9129375d,Shourya-Kulkarni,2026-05-01,12:45:22,-07:00,2026-05-01T12:45:22-07:00,1,18
style.css,162,css,9129375d,Shourya-Kulkarni,2026-05-01,12:45:22,-07:00,2026-05-01T12:45:22-07:00,1,7
style.css,163,css,9129375d,Shourya-Kulkarni,2026-05-01,12:45:22,-07:00,2026-05-01T12:45:22-07:00,0,0
style.css,164,css,9129375d,Shourya-Kulkarni,2026-05-01,12:45:22,-07:00,2026-05-01T12:45:22-07:00,0,0
style.css,165,css,9129375d,Shourya-Kulkarni,2026-05-01,12:45:22,-07:00,2026-05-01T12:45:22-07:00,0,7
style.css,166,css,9129375d,Shourya-Kulkarni,2026-05-01,12:45:22,-07:00,2026-05-01T12:45:22-07:00,1,12
style.css,167,css,9129375d,Shourya-Kulkarni,2026-05-01,12:45:22,-07:00,2026-05-01T12:45:22-07:00,1,57
style.css,168,css,9129375d,Shourya-Kulkarni,2026-05-01,12:45:22,-07:00,2026-05-01T12:45:22-07:00,1,6
style.css,169,css,9129375d,Shourya-Kulkarni,2026-05-01,12:45:22,-07:00,2026-05-01T12:45:22-07:00,1,15
style.css,170,css,9129375d,Shourya-Kulkarni,2026-05-01,12:45:22,-07:00,2026-05-01T12:45:22-07:00,1,11
style.css,171,css,9129375d,Shourya-Kulkarni,2026-05-01,12:45:22,-07:00,2026-05-01T12:45:22-07:00,1,8
style.css,172,css,9129375d,Shourya-Kulkarni,2026-05-01,12:45:22,-07:00,2026-05-01T12:45:22-07:00,1,21
style.css,173,css,9129375d,Shourya-Kulkarni,2026-05-01,12:45:22,-07:00,2026-05-01T12:45:22-07:00,0,0
style.css,174,css,9129375d,Shourya-Kulkarni,2026-05-01,12:45:22,-07:00,2026-05-01T12:45:22-07:00,0,0
style.css,175,css,9129375d,Shourya-Kulkarni,2026-05-01,12:45:22,-07:00,2026-05-01T12:45:22-07:00,0,12
style.css,176,css,9129375d,Shourya-Kulkarni,2026-05-01,12:45:22,-07:00,2026-05-01T12:45:22-07:00,1,12
style.css,177,css,9129375d,Shourya-Kulkarni,2026-05-01,12:45:22,-07:00,2026-05-01T12:45:22-07:00,1,18
style.css,178,css,9129375d,Shourya-Kulkarni,2026-05-01,12:45:22,-07:00,2026-05-01T12:45:22-07:00,1,9
style.css,179,css,9129375d,Shourya-Kulkarni,2026-05-01,12:45:22,-07:00,2026-05-01T12:45:22-07:00,0,0
style.css,180,css,9129375d,Shourya-Kulkarni,2026-05-01,12:45:22,-07:00,2026-05-01T12:45:22-07:00,0,0
style.css,181,css,9129375d,Shourya-Kulkarni,2026-05-01,12:45:22,-07:00,2026-05-01T12:45:22-07:00,0,7
style.css,182,css,9129375d,Shourya-Kulkarni,2026-05-01,12:45:22,-07:00,2026-05-01T12:45:22-07:00,1,20
style.css,183,css,9129375d,Shourya-Kulkarni,2026-05-01,12:45:22,-07:00,2026-05-01T12:45:22-07:00,1,9
style.css,184,css,9129375d,Shourya-Kulkarni,2026-05-01,12:45:22,-07:00,2026-05-01T12:45:22-07:00,1,10
style.css,185,css,9129375d,Shourya-Kulkarni,2026-05-01,12:45:22,-07:00,2026-05-01T12:45:22-07:00,1,29
style.css,186,css,9129375d,Shourya-Kulkarni,2026-05-01,12:45:22,-07:00,2026-05-01T12:45:22-07:00,1,17
style.css,187,css,e32ad1e7,Shourya-Kulkarni,2026-05-01,13:07:12,-07:00,2026-05-01T13:07:12-07:00,0,0
style.css,188,css,e32ad1e7,Shourya-Kulkarni,2026-05-01,13:07:12,-07:00,2026-05-01T13:07:12-07:00,0,0
style.css,189,css,e32ad1e7,Shourya-Kulkarni,2026-05-01,13:07:12,-07:00,2026-05-01T13:07:12-07:00,0,4
style.css,190,css,e32ad1e7,Shourya-Kulkarni,2026-05-01,13:07:12,-07:00,2026-05-01T13:07:12-07:00,1,16
style.css,191,css,e32ad1e7,Shourya-Kulkarni,2026-05-01,13:07:12,-07:00,2026-05-01T13:07:12-07:00,1,14
style.css,192,css,e32ad1e7,Shourya-Kulkarni,2026-05-01,13:07:12,-07:00,2026-05-01T13:07:12-07:00,0,0
style.css,193,css,e32ad1e7,Shourya-Kulkarni,2026-05-01,13:07:12,-07:00,2026-05-01T13:07:12-07:00,0,0
style.css,194,css,e32ad1e7,Shourya-Kulkarni,2026-05-01,13:07:12,-07:00,2026-05-01T13:07:12-07:00,0,9
style.css,195,css,e32ad1e7,Shourya-Kulkarni,2026-05-01,13:07:12,-07:00,2026-05-01T13:07:12-07:00,1,35
style.css,196,css,e32ad1e7,Shourya-Kulkarni,2026-05-01,13:07:12,-07:00,2026-05-01T13:07:12-07:00,0,0
style.css,197,css,e32ad1e7,Shourya-Kulkarni,2026-05-01,13:07:12,-07:00,2026-05-01T13:07:12-07:00,0,0
style.css,198,css,e32ad1e7,Shourya-Kulkarni,2026-05-01,13:07:12,-07:00,2026-05-01T13:07:12-07:00,0,18
style.css,199,css,e32ad1e7,Shourya-Kulkarni,2026-05-01,13:07:12,-07:00,2026-05-01T13:07:12-07:00,1,17
style.css,200,css,e32ad1e7,Shourya-Kulkarni,2026-05-01,13:07:12,-07:00,2026-05-01T13:07:12-07:00,0,0
style.css,201,css,e32ad1e7,Shourya-Kulkarni,2026-05-01,13:07:12,-07:00,2026-05-01T13:07:12-07:00,0,0
style.css,202,css,e32ad1e7,Shourya-Kulkarni,2026-05-01,13:07:12,-07:00,2026-05-01T13:07:12-07:00,0,36
style.css,203,css,e32ad1e7,Shourya-Kulkarni,2026-05-01,13:07:12,-07:00,2026-05-01T13:07:12-07:00,1,11
style.css,204,css,55cd06da,Shourya-Kulkarni,2026-04-03,17:19:30,-07:00,2026-04-03T17:19:30-07:00,0,0
index.js,1,js,a0d9b2a9,Shourya-Kulkarni,2026-04-23,15:02:41,-07:00,2026-04-23T15:02:41-07:00,0,71
index.js,2,js,8b87fa9f,Shourya-Kulkarni,2026-04-23,14:28:40,-07:00,2026-04-23T14:28:40-07:00,0,0
index.js,3,js,8b87fa9f,Shourya-Kulkarni,2026-04-23,14:28:40,-07:00,2026-04-23T14:28:40-07:00,0,54
index.js,4,js,9cf90728,Shourya-Kulkarni,2026-05-01,12:35:34,-07:00,2026-05-01T12:35:34-07:00,0,74
index.js,5,js,8b87fa9f,Shourya-Kulkarni,2026-04-23,14:28:40,-07:00,2026-04-23T14:28:40-07:00,0,60
index.js,6,js,a0d9b2a9,Shourya-Kulkarni,2026-04-23,15:02:41,-07:00,2026-04-23T15:02:41-07:00,0,54
index.js,7,js,a0d9b2a9,Shourya-Kulkarni,2026-04-23,15:02:41,-07:00,2026-04-23T15:02:41-07:00,0,0
index.js,8,js,a0d9b2a9,Shourya-Kulkarni,2026-04-23,15:02:41,-07:00,2026-04-23T15:02:41-07:00,0,59
index.js,9,js,a0d9b2a9,Shourya-Kulkarni,2026-04-23,15:02:41,-07:00,2026-04-23T15:02:41-07:00,0,0
index.js,10,js,a0d9b2a9,Shourya-Kulkarni,2026-04-23,15:02:41,-07:00,2026-04-23T15:02:41-07:00,0,60
index.js,11,js,a0d9b2a9,Shourya-Kulkarni,2026-04-23,15:02:41,-07:00,2026-04-23T15:02:41-07:00,0,0
index.js,12,js,9cf90728,Shourya-Kulkarni,2026-05-01,12:35:34,-07:00,2026-05-01T12:35:34-07:00,0,0
index.js,13,js,a0d9b2a9,Shourya-Kulkarni,2026-04-23,15:02:41,-07:00,2026-04-23T15:02:41-07:00,0,17
index.js,14,js,a0d9b2a9,Shourya-Kulkarni,2026-04-23,15:02:41,-07:00,2026-04-23T15:02:41-07:00,1,24
index.js,15,js,a0d9b2a9,Shourya-Kulkarni,2026-04-23,15:02:41,-07:00,2026-04-23T15:02:41-07:00,2,2
index.js,16,js,a0d9b2a9,Shourya-Kulkarni,2026-04-23,15:02:41,-07:00,2026-04-23T15:02:41-07:00,3,55
index.js,17,js,a0d9b2a9,Shourya-Kulkarni,2026-04-23,15:02:41,-07:00,2026-04-23T15:02:41-07:00,3,55
index.js,18,js,a0d9b2a9,Shourya-Kulkarni,2026-04-23,15:02:41,-07:00,2026-04-23T15:02:41-07:00,3,49
index.js,19,js,a0d9b2a9,Shourya-Kulkarni,2026-04-23,15:02:41,-07:00,2026-04-23T15:02:41-07:00,3,49
index.js,20,js,a0d9b2a9,Shourya-Kulkarni,2026-04-23,15:02:41,-07:00,2026-04-23T15:02:41-07:00,2,3
index.js,21,js,a0d9b2a9,Shourya-Kulkarni,2026-04-23,15:02:41,-07:00,2026-04-23T15:02:41-07:00,1,0
index.js,22,js,a0d9b2a9,Shourya-Kulkarni,2026-04-23,15:02:41,-07:00,2026-04-23T15:02:41-07:00,0,0
index.html,1,html,46ded96f,Shourya-Kulkarni,2026-04-03,16:46:59,-07:00,2026-04-03T16:46:59-07:00,0,13
index.html,2,html,46ded96f,Shourya-Kulkarni,2026-04-03,16:46:59,-07:00,2026-04-03T16:46:59-07:00,0,14
index.html,3,html,46ded96f,Shourya-Kulkarni,2026-04-03,16:46:59,-07:00,2026-04-03T16:46:59-07:00,0,4
index.html,4,html,46ded96f,Shourya-Kulkarni,2026-04-03,16:46:59,-07:00,2026-04-03T16:46:59-07:00,2,20
index.html,5,html,46ded96f,Shourya-Kulkarni,2026-04-03,16:46:59,-07:00,2026-04-03T16:46:59-07:00,2,68
index.html,6,html,46ded96f,Shourya-Kulkarni,2026-04-03,16:46:59,-07:00,2026-04-03T16:46:59-07:00,2,49
index.html,7,html,55cd06da,Shourya-Kulkarni,2026-04-03,17:19:30,-07:00,2026-04-03T17:19:30-07:00,2,38
index.html,8,html,30707128,Shourya-Kulkarni,2026-04-15,15:08:26,-07:00,2026-04-15T15:08:26-07:00,2,45
index.html,9,html,8b87fa9f,Shourya-Kulkarni,2026-04-23,14:28:40,-07:00,2026-04-23T14:28:40-07:00,2,44
index.html,10,html,46ded96f,Shourya-Kulkarni,2026-04-03,16:46:59,-07:00,2026-04-03T16:46:59-07:00,0,5
index.html,11,html,46ded96f,Shourya-Kulkarni,2026-04-03,16:46:59,-07:00,2026-04-03T16:46:59-07:00,0,4
index.html,12,html,46ded96f,Shourya-Kulkarni,2026-04-03,16:46:59,-07:00,2026-04-03T16:46:59-07:00,2,23
index.html,13,html,46ded96f,Shourya-Kulkarni,2026-04-03,16:46:59,-07:00,2026-04-03T16:46:59-07:00,2,61
index.html,14,html,2d8a6ef6,Shourya-Kulkarni,2026-04-03,17:09:19,-07:00,2026-04-03T17:09:19-07:00,2,65
index.html,15,html,51b6ec1c,Shourya-Kulkarni,2026-04-23,15:54:17,-07:00,2026-04-23T15:54:17-07:00,2,22
index.html,16,html,a0d9b2a9,Shourya-Kulkarni,2026-04-23,15:02:41,-07:00,2026-04-23T15:02:41-07:00,2,28
index.html,17,html,8b87fa9f,Shourya-Kulkarni,2026-04-23,14:28:40,-07:00,2026-04-23T14:28:40-07:00,2,22
index.html,18,html,8b87fa9f,Shourya-Kulkarni,2026-04-23,14:28:40,-07:00,2026-04-23T14:28:40-07:00,4,26
index.html,19,html,46ded96f,Shourya-Kulkarni,2026-04-03,16:46:59,-07:00,2026-04-03T16:46:59-07:00,0,5
index.html,20,html,55cd06da,Shourya-Kulkarni,2026-04-03,17:19:30,-07:00,2026-04-03T17:19:30-07:00,0,5
global.js,1,js,30707128,Shourya-Kulkarni,2026-04-15,15:08:26,-07:00,2026-04-15T15:08:26-07:00,0,26
global.js,2,js,30707128,Shourya-Kulkarni,2026-04-15,15:08:26,-07:00,2026-04-15T15:08:26-07:00,0,0
global.js,3,js,30707128,Shourya-Kulkarni,2026-04-15,15:08:26,-07:00,2026-04-15T15:08:26-07:00,0,41
global.js,4,js,30707128,Shourya-Kulkarni,2026-04-15,15:08:26,-07:00,2026-04-15T15:08:26-07:00,1,52
global.js,5,js,4b764cf7,Shourya-Kulkarni,2026-04-15,15:15:19,-07:00,2026-04-15T15:15:19-07:00,0,0
global.js,6,js,62177fd5,Shourya-Kulkarni,2026-04-15,15:26:41,-07:00,2026-04-15T15:26:41-07:00,0,88
global.js,7,js,62177fd5,Shourya-Kulkarni,2026-04-15,15:26:41,-07:00,2026-04-15T15:26:41-07:00,1,3
global.js,8,js,62177fd5,Shourya-Kulkarni,2026-04-15,15:26:41,-07:00,2026-04-15T15:26:41-07:00,1,14
global.js,9,js,4b764cf7,Shourya-Kulkarni,2026-04-15,15:15:19,-07:00,2026-04-15T15:15:19-07:00,0,0
global.js,10,js,62177fd5,Shourya-Kulkarni,2026-04-15,15:26:41,-07:00,2026-04-15T15:26:41-07:00,0,11
global.js,11,js,62177fd5,Shourya-Kulkarni,2026-04-15,15:26:41,-07:00,2026-04-15T15:26:41-07:00,1,25
global.js,12,js,62177fd5,Shourya-Kulkarni,2026-04-15,15:26:41,-07:00,2026-04-15T15:26:41-07:00,1,38
global.js,13,js,62177fd5,Shourya-Kulkarni,2026-04-15,15:26:41,-07:00,2026-04-15T15:26:41-07:00,1,36
global.js,14,js,62177fd5,Shourya-Kulkarni,2026-04-15,15:26:41,-07:00,2026-04-15T15:26:41-07:00,1,34
global.js,15,js,00000000,Not Committed Yet,2026-05-07,14:54:55,-07:00,2026-05-07T14:54:55-07:00,1,30
global.js,16,js,62177fd5,Shourya-Kulkarni,2026-04-15,15:26:41,-07:00,2026-04-15T15:26:41-07:00,1,62
global.js,17,js,62177fd5,Shourya-Kulkarni,2026-04-15,15:26:41,-07:00,2026-04-15T15:26:41-07:00,0,0
global.js,18,js,4b764cf7,Shourya-Kulkarni,2026-04-15,15:15:19,-07:00,2026-04-15T15:15:19-07:00,0,0
global.js,19,js,62177fd5,Shourya-Kulkarni,2026-04-15,15:26:41,-07:00,2026-04-15T15:26:41-07:00,0,38
global.js,20,js,62177fd5,Shourya-Kulkarni,2026-04-15,15:26:41,-07:00,2026-04-15T15:26:41-07:00,0,25
global.js,21,js,62177fd5,Shourya-Kulkarni,2026-04-15,15:26:41,-07:00,2026-04-15T15:26:41-07:00,0,0
global.js,22,js,62177fd5,Shourya-Kulkarni,2026-04-15,15:26:41,-07:00,2026-04-15T15:26:41-07:00,0,20
global.js,23,js,62177fd5,Shourya-Kulkarni,2026-04-15,15:26:41,-07:00,2026-04-15T15:26:41-07:00,1,14
global.js,24,js,62177fd5,Shourya-Kulkarni,2026-04-15,15:26:41,-07:00,2026-04-15T15:26:41-07:00,1,52
global.js,25,js,62177fd5,Shourya-Kulkarni,2026-04-15,15:26:41,-07:00,2026-04-15T15:26:41-07:00,0,0
global.js,26,js,62177fd5,Shourya-Kulkarni,2026-04-15,15:26:41,-07:00,2026-04-15T15:26:41-07:00,1,34
global.js,27,js,62177fd5,Shourya-Kulkarni,2026-04-15,15:26:41,-07:00,2026-04-15T15:26:41-07:00,1,11
global.js,28,js,62177fd5,Shourya-Kulkarni,2026-04-15,15:26:41,-07:00,2026-04-15T15:26:41-07:00,1,22
global.js,29,js,62177fd5,Shourya-Kulkarni,2026-04-15,15:26:41,-07:00,2026-04-15T15:26:41-07:00,0,0
global.js,30,js,62177fd5,Shourya-Kulkarni,2026-04-15,15:26:41,-07:00,2026-04-15T15:26:41-07:00,1,90
global.js,31,js,62177fd5,Shourya-Kulkarni,2026-04-15,15:26:41,-07:00,2026-04-15T15:26:41-07:00,0,0
global.js,32,js,62177fd5,Shourya-Kulkarni,2026-04-15,15:26:41,-07:00,2026-04-15T15:26:41-07:00,1,29
global.js,33,js,62177fd5,Shourya-Kulkarni,2026-04-15,15:26:41,-07:00,2026-04-15T15:26:41-07:00,2,18
global.js,34,js,62177fd5,Shourya-Kulkarni,2026-04-15,15:26:41,-07:00,2026-04-15T15:26:41-07:00,1,0
global.js,35,js,62177fd5,Shourya-Kulkarni,2026-04-15,15:26:41,-07:00,2026-04-15T15:26:41-07:00,0,0
global.js,36,js,62177fd5,Shourya-Kulkarni,2026-04-15,15:26:41,-07:00,2026-04-15T15:26:41-07:00,1,12
global.js,37,js,939e141d,Shourya-Kulkarni,2026-04-15,15:40:22,-07:00,2026-04-15T15:40:22-07:00,0,0
global.js,38,js,939e141d,Shourya-Kulkarni,2026-04-15,15:40:22,-07:00,2026-04-15T15:40:22-07:00,0,31
global.js,39,js,939e141d,Shourya-Kulkarni,2026-04-15,15:40:22,-07:00,2026-04-15T15:40:22-07:00,1,11
global.js,40,js,939e141d,Shourya-Kulkarni,2026-04-15,15:40:22,-07:00,2026-04-15T15:40:22-07:00,1,27
global.js,41,js,939e141d,Shourya-Kulkarni,2026-04-15,15:40:22,-07:00,2026-04-15T15:40:22-07:00,2,4
global.js,42,js,939e141d,Shourya-Kulkarni,2026-04-15,15:40:22,-07:00,2026-04-15T15:40:22-07:00,2,6
global.js,43,js,939e141d,Shourya-Kulkarni,2026-04-15,15:40:22,-07:00,2026-04-15T15:40:22-07:00,3,43
global.js,44,js,939e141d,Shourya-Kulkarni,2026-04-15,15:40:22,-07:00,2026-04-15T15:40:22-07:00,3,34
global.js,45,js,939e141d,Shourya-Kulkarni,2026-04-15,15:40:22,-07:00,2026-04-15T15:40:22-07:00,3,32
global.js,46,js,939e141d,Shourya-Kulkarni,2026-04-15,15:40:22,-07:00,2026-04-15T15:40:22-07:00,2,7
global.js,47,js,939e141d,Shourya-Kulkarni,2026-04-15,15:40:22,-07:00,2026-04-15T15:40:22-07:00,1,8
global.js,48,js,939e141d,Shourya-Kulkarni,2026-04-15,15:40:22,-07:00,2026-04-15T15:40:22-07:00,0,0
global.js,49,js,939e141d,Shourya-Kulkarni,2026-04-15,15:40:22,-07:00,2026-04-15T15:40:22-07:00,0,58
global.js,50,js,939e141d,Shourya-Kulkarni,2026-04-15,15:40:22,-07:00,2026-04-15T15:40:22-07:00,0,0
global.js,51,js,939e141d,Shourya-Kulkarni,2026-04-15,15:40:22,-07:00,2026-04-15T15:40:22-07:00,0,49
global.js,52,js,939e141d,Shourya-Kulkarni,2026-04-15,15:40:22,-07:00,2026-04-15T15:40:22-07:00,1,77
global.js,53,js,939e141d,Shourya-Kulkarni,2026-04-15,15:40:22,-07:00,2026-04-15T15:40:22-07:00,1,44
global.js,54,js,939e141d,Shourya-Kulkarni,2026-04-15,15:40:22,-07:00,2026-04-15T15:40:22-07:00,0,1
global.js,55,js,939e141d,Shourya-Kulkarni,2026-04-15,15:40:22,-07:00,2026-04-15T15:40:22-07:00,0,0
global.js,56,js,939e141d,Shourya-Kulkarni,2026-04-15,15:40:22,-07:00,2026-04-15T15:40:22-07:00,0,34
global.js,57,js,939e141d,Shourya-Kulkarni,2026-04-15,15:40:22,-07:00,2026-04-15T15:40:22-07:00,1,38
global.js,58,js,939e141d,Shourya-Kulkarni,2026-04-15,15:40:22,-07:00,2026-04-15T15:40:22-07:00,1,83
global.js,59,js,da2212f7,Shourya-Kulkarni,2026-04-23,14:15:44,-07:00,2026-04-23T14:15:44-07:00,0,0
global.js,60,js,da2212f7,Shourya-Kulkarni,2026-04-23,14:15:44,-07:00,2026-04-23T14:15:44-07:00,0,0
global.js,61,js,da2212f7,Shourya-Kulkarni,2026-04-23,14:15:44,-07:00,2026-04-23T14:15:44-07:00,0,36
global.js,62,js,da2212f7,Shourya-Kulkarni,2026-04-23,14:15:44,-07:00,2026-04-23T14:15:44-07:00,1,3
global.js,63,js,da2212f7,Shourya-Kulkarni,2026-04-23,14:15:44,-07:00,2026-04-23T14:15:44-07:00,2,32
global.js,64,js,da2212f7,Shourya-Kulkarni,2026-04-23,14:15:44,-07:00,2026-04-23T14:15:44-07:00,2,17
global.js,65,js,da2212f7,Shourya-Kulkarni,2026-04-23,14:15:44,-07:00,2026-04-23T14:15:44-07:00,3,66
global.js,66,js,da2212f7,Shourya-Kulkarni,2026-04-23,14:15:44,-07:00,2026-04-23T14:15:44-07:00,2,0
global.js,67,js,da2212f7,Shourya-Kulkarni,2026-04-23,14:15:44,-07:00,2026-04-23T14:15:44-07:00,2,33
global.js,68,js,da2212f7,Shourya-Kulkarni,2026-04-23,14:15:44,-07:00,2026-04-23T14:15:44-07:00,2,10
global.js,69,js,da2212f7,Shourya-Kulkarni,2026-04-23,14:15:44,-07:00,2026-04-23T14:15:44-07:00,1,15
global.js,70,js,da2212f7,Shourya-Kulkarni,2026-04-23,14:15:44,-07:00,2026-04-23T14:15:44-07:00,2,59
global.js,71,js,da2212f7,Shourya-Kulkarni,2026-04-23,14:15:44,-07:00,2026-04-23T14:15:44-07:00,1,0
global.js,72,js,da2212f7,Shourya-Kulkarni,2026-04-23,14:15:44,-07:00,2026-04-23T14:15:44-07:00,0,0
global.js,73,js,da2212f7,Shourya-Kulkarni,2026-04-23,14:15:44,-07:00,2026-04-23T14:15:44-07:00,0,0
global.js,74,js,da2212f7,Shourya-Kulkarni,2026-04-23,14:15:44,-07:00,2026-04-23T14:15:44-07:00,0,79
global.js,75,js,da2212f7,Shourya-Kulkarni,2026-04-23,14:15:44,-07:00,2026-04-23T14:15:44-07:00,1,30
global.js,76,js,34a3b9fc,Shourya-Kulkarni,2026-05-01,13:33:05,-07:00,2026-05-01T13:33:05-07:00,1,26
global.js,77,js,34a3b9fc,Shourya-Kulkarni,2026-05-01,13:33:05,-07:00,2026-05-01T13:33:05-07:00,1,55
global.js,78,js,34a3b9fc,Shourya-Kulkarni,2026-05-01,13:33:05,-07:00,2026-05-01T13:33:05-07:00,1,5
global.js,79,js,34a3b9fc,Shourya-Kulkarni,2026-05-01,13:33:05,-07:00,2026-05-01T13:33:05-07:00,1,0
global.js,80,js,da2212f7,Shourya-Kulkarni,2026-04-23,14:15:44,-07:00,2026-04-23T14:15:44-07:00,1,29
global.js,81,js,da2212f7,Shourya-Kulkarni,2026-04-23,14:15:44,-07:00,2026-04-23T14:15:44-07:00,2,48
global.js,82,js,da2212f7,Shourya-Kulkarni,2026-04-23,14:15:44,-07:00,2026-04-23T14:15:44-07:00,2,19
global.js,83,js,da2212f7,Shourya-Kulkarni,2026-04-23,14:15:44,-07:00,2026-04-23T14:15:44-07:00,3,49
global.js,84,js,da2212f7,Shourya-Kulkarni,2026-04-23,14:15:44,-07:00,2026-04-23T14:15:44-07:00,3,49
global.js,85,js,1a769deb,Shourya-Kulkarni,2026-05-01,12:11:27,-07:00,2026-05-01T12:11:27-07:00,3,24
global.js,86,js,da2212f7,Shourya-Kulkarni,2026-04-23,14:15:44,-07:00,2026-04-23T14:15:44-07:00,3,27
global.js,87,js,1a769deb,Shourya-Kulkarni,2026-05-01,12:11:27,-07:00,2026-05-01T12:11:27-07:00,3,44
global.js,88,js,1a769deb,Shourya-Kulkarni,2026-05-01,12:11:27,-07:00,2026-05-01T12:11:27-07:00,3,4
global.js,89,js,1a769deb,Shourya-Kulkarni,2026-05-01,12:11:27,-07:00,2026-05-01T12:11:27-07:00,0,3
global.js,90,js,da2212f7,Shourya-Kulkarni,2026-04-23,14:15:44,-07:00,2026-04-23T14:15:44-07:00,2,31
global.js,91,js,da2212f7,Shourya-Kulkarni,2026-04-23,14:15:44,-07:00,2026-04-23T14:15:44-07:00,1,0
global.js,92,js,a0d9b2a9,Shourya-Kulkarni,2026-04-23,15:02:41,-07:00,2026-04-23T15:02:41-07:00,0,0
global.js,93,js,a0d9b2a9,Shourya-Kulkarni,2026-04-23,15:02:41,-07:00,2026-04-23T15:02:41-07:00,0,47
global.js,94,js,a0d9b2a9,Shourya-Kulkarni,2026-04-23,15:02:41,-07:00,2026-04-23T15:02:41-07:00,1,59
global.js,95,js,62177fd5,Shourya-Kulkarni,2026-04-15,15:26:41,-07:00,2026-04-15T15:26:41-07:00,0,0
resume/index.html,1,html,3c164d9b,Shourya-Kulkarni,2026-04-08,22:28:39,-07:00,2026-04-08T22:28:39-07:00,0,14
resume/index.html,2,html,3c164d9b,Shourya-Kulkarni,2026-04-08,22:28:39,-07:00,2026-04-08T22:28:39-07:00,0,4
resume/index.html,3,html,3c164d9b,Shourya-Kulkarni,2026-04-08,22:28:39,-07:00,2026-04-08T22:28:39-07:00,1,20
resume/index.html,4,html,3c164d9b,Shourya-Kulkarni,2026-04-08,22:28:39,-07:00,2026-04-08T22:28:39-07:00,1,68
resume/index.html,5,html,3c164d9b,Shourya-Kulkarni,2026-04-08,22:28:39,-07:00,2026-04-08T22:28:39-07:00,1,28
resume/index.html,6,html,3c164d9b,Shourya-Kulkarni,2026-04-08,22:28:39,-07:00,2026-04-08T22:28:39-07:00,1,41
resume/index.html,7,html,30707128,Shourya-Kulkarni,2026-04-15,15:08:26,-07:00,2026-04-15T15:08:26-07:00,1,48
resume/index.html,8,html,3c164d9b,Shourya-Kulkarni,2026-04-08,22:28:39,-07:00,2026-04-08T22:28:39-07:00,0,5
resume/index.html,9,html,9f1e7d4d,Shourya-Kulkarni,2026-04-03,17:41:47,-07:00,2026-04-03T17:41:47-07:00,0,4
resume/index.html,10,html,3c164d9b,Shourya-Kulkarni,2026-04-08,22:28:39,-07:00,2026-04-08T22:28:39-07:00,1,18
resume/index.html,11,html,979d60d8,Shourya-Kulkarni,2026-04-08,22:20:55,-07:00,2026-04-08T22:20:55-07:00,2,31
resume/index.html,12,html,9f1e7d4d,Shourya-Kulkarni,2026-04-03,17:41:47,-07:00,2026-04-03T17:41:47-07:00,0,0
resume/index.html,13,html,979d60d8,Shourya-Kulkarni,2026-04-08,22:20:55,-07:00,2026-04-08T22:20:55-07:00,2,7
resume/index.html,14,html,979d60d8,Shourya-Kulkarni,2026-04-08,22:20:55,-07:00,2026-04-08T22:20:55-07:00,3,16
resume/index.html,15,html,979d60d8,Shourya-Kulkarni,2026-04-08,22:20:55,-07:00,2026-04-08T22:20:55-07:00,3,7
resume/index.html,16,html,979d60d8,Shourya-Kulkarni,2026-04-08,22:20:55,-07:00,2026-04-08T22:20:55-07:00,4,19
resume/index.html,17,html,979d60d8,Shourya-Kulkarni,2026-04-08,22:20:55,-07:00,2026-04-08T22:20:55-07:00,4,22
resume/index.html,18,html,979d60d8,Shourya-Kulkarni,2026-04-08,22:20:55,-07:00,2026-04-08T22:20:55-07:00,4,22
resume/index.html,19,html,979d60d8,Shourya-Kulkarni,2026-04-08,22:20:55,-07:00,2026-04-08T22:20:55-07:00,3,8
resume/index.html,20,html,979d60d8,Shourya-Kulkarni,2026-04-08,22:20:55,-07:00,2026-04-08T22:20:55-07:00,2,8
resume/index.html,21,html,9f1e7d4d,Shourya-Kulkarni,2026-04-03,17:41:47,-07:00,2026-04-03T17:41:47-07:00,0,0
resume/index.html,22,html,979d60d8,Shourya-Kulkarni,2026-04-08,22:20:55,-07:00,2026-04-08T22:20:55-07:00,2,7
resume/index.html,23,html,979d60d8,Shourya-Kulkarni,2026-04-08,22:20:55,-07:00,2026-04-08T22:20:55-07:00,3,17
resume/index.html,24,html,979d60d8,Shourya-Kulkarni,2026-04-08,22:20:55,-07:00,2026-04-08T22:20:55-07:00,3,7
resume/index.html,25,html,979d60d8,Shourya-Kulkarni,2026-04-08,22:20:55,-07:00,2026-04-08T22:20:55-07:00,4,49
resume/index.html,26,html,979d60d8,Shourya-Kulkarni,2026-04-08,22:20:55,-07:00,2026-04-08T22:20:55-07:00,4,34
resume/index.html,27,html,979d60d8,Shourya-Kulkarni,2026-04-08,22:20:55,-07:00,2026-04-08T22:20:55-07:00,4,137
resume/index.html,28,html,979d60d8,Shourya-Kulkarni,2026-04-08,22:20:55,-07:00,2026-04-08T22:20:55-07:00,3,8
resume/index.html,29,html,979d60d8,Shourya-Kulkarni,2026-04-08,22:20:55,-07:00,2026-04-08T22:20:55-07:00,2,8
resume/index.html,30,html,9f1e7d4d,Shourya-Kulkarni,2026-04-03,17:41:47,-07:00,2026-04-03T17:41:47-07:00,0,0
resume/index.html,31,html,979d60d8,Shourya-Kulkarni,2026-04-08,22:20:55,-07:00,2026-04-08T22:20:55-07:00,2,7
resume/index.html,32,html,979d60d8,Shourya-Kulkarni,2026-04-08,22:20:55,-07:00,2026-04-08T22:20:55-07:00,3,13
resume/index.html,33,html,979d60d8,Shourya-Kulkarni,2026-04-08,22:20:55,-07:00,2026-04-08T22:20:55-07:00,3,2
resume/index.html,34,html,979d60d8,Shourya-Kulkarni,2026-04-08,22:20:55,-07:00,2026-04-08T22:20:55-07:00,4,13
resume/index.html,35,html,979d60d8,Shourya-Kulkarni,2026-04-08,22:20:55,-07:00,2026-04-08T22:20:55-07:00,4,15
resume/index.html,36,html,979d60d8,Shourya-Kulkarni,2026-04-08,22:20:55,-07:00,2026-04-08T22:20:55-07:00,4,12
resume/index.html,37,html,979d60d8,Shourya-Kulkarni,2026-04-08,22:20:55,-07:00,2026-04-08T22:20:55-07:00,3,3
resume/index.html,38,html,979d60d8,Shourya-Kulkarni,2026-04-08,22:20:55,-07:00,2026-04-08T22:20:55-07:00,2,8
resume/index.html,39,html,979d60d8,Shourya-Kulkarni,2026-04-08,22:20:55,-07:00,2026-04-08T22:20:55-07:00,1,4
resume/index.html,40,html,9f1e7d4d,Shourya-Kulkarni,2026-04-03,17:41:47,-07:00,2026-04-03T17:41:47-07:00,0,5
projects/projects.js,1,js,da2212f7,Shourya-Kulkarni,2026-04-23,14:15:44,-07:00,2026-04-23T14:15:44-07:00,0,55
projects/projects.js,2,js,9cf90728,Shourya-Kulkarni,2026-05-01,12:35:34,-07:00,2026-05-01T12:35:34-07:00,0,63
projects/projects.js,3,js,8b87fa9f,Shourya-Kulkarni,2026-04-23,14:28:40,-07:00,2026-04-23T14:28:40-07:00,0,0
projects/projects.js,4,js,da2212f7,Shourya-Kulkarni,2026-04-23,14:15:44,-07:00,2026-04-23T14:15:44-07:00,0,55
projects/projects.js,5,js,da2212f7,Shourya-Kulkarni,2026-04-23,14:15:44,-07:00,2026-04-23T14:15:44-07:00,0,60
projects/projects.js,6,js,8b87fa9f,Shourya-Kulkarni,2026-04-23,14:28:40,-07:00,2026-04-23T14:28:40-07:00,0,62
projects/projects.js,7,js,3f440f28,Shourya-Kulkarni,2026-05-01,12:26:03,-07:00,2026-05-01T12:26:03-07:00,0,56
projects/projects.js,8,js,3f440f28,Shourya-Kulkarni,2026-05-01,12:26:03,-07:00,2026-05-01T12:26:03-07:00,0,0
projects/projects.js,9,js,d812b6b7,Shourya-Kulkarni,2026-05-01,13:20:41,-07:00,2026-05-01T13:20:41-07:00,0,15
projects/projects.js,10,js,b1afd48c,Shourya-Kulkarni,2026-05-01,12:55:11,-07:00,2026-05-01T12:55:11-07:00,0,13
projects/projects.js,11,js,e32ad1e7,Shourya-Kulkarni,2026-05-01,13:07:12,-07:00,2026-05-01T13:07:12-07:00,0,21
projects/projects.js,12,js,b1afd48c,Shourya-Kulkarni,2026-05-01,12:55:11,-07:00,2026-05-01T12:55:11-07:00,0,53
projects/projects.js,13,js,b1afd48c,Shourya-Kulkarni,2026-05-01,12:55:11,-07:00,2026-05-01T12:55:11-07:00,0,0
projects/projects.js,14,js,b1afd48c,Shourya-Kulkarni,2026-05-01,12:55:11,-07:00,2026-05-01T12:55:11-07:00,0,38
projects/projects.js,15,js,b1afd48c,Shourya-Kulkarni,2026-05-01,12:55:11,-07:00,2026-05-01T12:55:11-07:00,1,72
projects/projects.js,16,js,d812b6b7,Shourya-Kulkarni,2026-05-01,13:20:41,-07:00,2026-05-01T13:20:41-07:00,1,66
projects/projects.js,17,js,b1afd48c,Shourya-Kulkarni,2026-05-01,12:55:11,-07:00,2026-05-01T12:55:11-07:00,0,0
projects/projects.js,18,js,b1afd48c,Shourya-Kulkarni,2026-05-01,12:55:11,-07:00,2026-05-01T12:55:11-07:00,1,57
projects/projects.js,19,js,b1afd48c,Shourya-Kulkarni,2026-05-01,12:55:11,-07:00,2026-05-01T12:55:11-07:00,1,48
projects/projects.js,20,js,b1afd48c,Shourya-Kulkarni,2026-05-01,12:55:11,-07:00,2026-05-01T12:55:11-07:00,1,36
projects/projects.js,21,js,b1afd48c,Shourya-Kulkarni,2026-05-01,12:55:11,-07:00,2026-05-01T12:55:11-07:00,1,43
projects/projects.js,22,js,b1afd48c,Shourya-Kulkarni,2026-05-01,12:55:11,-07:00,2026-05-01T12:55:11-07:00,1,47
projects/projects.js,23,js,b1afd48c,Shourya-Kulkarni,2026-05-01,12:55:11,-07:00,2026-05-01T12:55:11-07:00,0,0
projects/projects.js,24,js,b1afd48c,Shourya-Kulkarni,2026-05-01,12:55:11,-07:00,2026-05-01T12:55:11-07:00,1,57
projects/projects.js,25,js,b1afd48c,Shourya-Kulkarni,2026-05-01,12:55:11,-07:00,2026-05-01T12:55:11-07:00,1,44
projects/projects.js,26,js,b1afd48c,Shourya-Kulkarni,2026-05-01,12:55:11,-07:00,2026-05-01T12:55:11-07:00,0,0
projects/projects.js,27,js,e32ad1e7,Shourya-Kulkarni,2026-05-01,13:07:12,-07:00,2026-05-01T13:07:12-07:00,1,40
projects/projects.js,28,js,e32ad1e7,Shourya-Kulkarni,2026-05-01,13:07:12,-07:00,2026-05-01T13:07:12-07:00,0,0
projects/projects.js,29,js,e32ad1e7,Shourya-Kulkarni,2026-05-01,13:07:12,-07:00,2026-05-01T13:07:12-07:00,1,24
projects/projects.js,30,js,e32ad1e7,Shourya-Kulkarni,2026-05-01,13:07:12,-07:00,2026-05-01T13:07:12-07:00,2,16
projects/projects.js,31,js,b1afd48c,Shourya-Kulkarni,2026-05-01,12:55:11,-07:00,2026-05-01T12:55:11-07:00,3,13
projects/projects.js,32,js,e32ad1e7,Shourya-Kulkarni,2026-05-01,13:07:12,-07:00,2026-05-01T13:07:12-07:00,3,22
projects/projects.js,33,js,e32ad1e7,Shourya-Kulkarni,2026-05-01,13:07:12,-07:00,2026-05-01T13:07:12-07:00,3,51
projects/projects.js,34,js,e32ad1e7,Shourya-Kulkarni,2026-05-01,13:07:12,-07:00,2026-05-01T13:07:12-07:00,3,18
projects/projects.js,35,js,e32ad1e7,Shourya-Kulkarni,2026-05-01,13:07:12,-07:00,2026-05-01T13:07:12-07:00,4,43
projects/projects.js,36,js,e32ad1e7,Shourya-Kulkarni,2026-05-01,13:07:12,-07:00,2026-05-01T13:07:12-07:00,0,0
projects/projects.js,37,js,e32ad1e7,Shourya-Kulkarni,2026-05-01,13:07:12,-07:00,2026-05-01T13:07:12-07:00,4,19
projects/projects.js,38,js,e32ad1e7,Shourya-Kulkarni,2026-05-01,13:07:12,-07:00,2026-05-01T13:07:12-07:00,5,66
projects/projects.js,39,js,e32ad1e7,Shourya-Kulkarni,2026-05-01,13:07:12,-07:00,2026-05-01T13:07:12-07:00,0,0
projects/projects.js,40,js,e32ad1e7,Shourya-Kulkarni,2026-05-01,13:07:12,-07:00,2026-05-01T13:07:12-07:00,4,20
projects/projects.js,41,js,e32ad1e7,Shourya-Kulkarni,2026-05-01,13:07:12,-07:00,2026-05-01T13:07:12-07:00,5,89
projects/projects.js,42,js,e32ad1e7,Shourya-Kulkarni,2026-05-01,13:07:12,-07:00,2026-05-01T13:07:12-07:00,0,0
projects/projects.js,43,js,e32ad1e7,Shourya-Kulkarni,2026-05-01,13:07:12,-07:00,2026-05-01T13:07:12-07:00,4,25
projects/projects.js,44,js,d812b6b7,Shourya-Kulkarni,2026-05-01,13:20:41,-07:00,2026-05-01T13:20:41-07:00,6,43
projects/projects.js,45,js,d812b6b7,Shourya-Kulkarni,2026-05-01,13:20:41,-07:00,2026-05-01T13:20:41-07:00,8,59
projects/projects.js,46,js,d812b6b7,Shourya-Kulkarni,2026-05-01,13:20:41,-07:00,2026-05-01T13:20:41-07:00,8,42
projects/projects.js,47,js,d812b6b7,Shourya-Kulkarni,2026-05-01,13:20:41,-07:00,2026-05-01T13:20:41-07:00,6,1
projects/projects.js,48,js,d812b6b7,Shourya-Kulkarni,2026-05-01,13:20:41,-07:00,2026-05-01T13:20:41-07:00,6,48
projects/projects.js,49,js,d812b6b7,Shourya-Kulkarni,2026-05-01,13:20:41,-07:00,2026-05-01T13:20:41-07:00,6,4
projects/projects.js,50,js,d812b6b7,Shourya-Kulkarni,2026-05-01,13:20:41,-07:00,2026-05-01T13:20:41-07:00,6,46
projects/projects.js,51,js,d812b6b7,Shourya-Kulkarni,2026-05-01,13:20:41,-07:00,2026-05-01T13:20:41-07:00,6,35
projects/projects.js,52,js,d812b6b7,Shourya-Kulkarni,2026-05-01,13:20:41,-07:00,2026-05-01T13:20:41-07:00,8,53
projects/projects.js,53,js,d812b6b7,Shourya-Kulkarni,2026-05-01,13:20:41,-07:00,2026-05-01T13:20:41-07:00,8,69
projects/projects.js,54,js,d812b6b7,Shourya-Kulkarni,2026-05-01,13:20:41,-07:00,2026-05-01T13:20:41-07:00,6,1
projects/projects.js,55,js,d812b6b7,Shourya-Kulkarni,2026-05-01,13:20:41,-07:00,2026-05-01T13:20:41-07:00,6,48
projects/projects.js,56,js,e32ad1e7,Shourya-Kulkarni,2026-05-01,13:07:12,-07:00,2026-05-01T13:07:12-07:00,4,0
projects/projects.js,57,js,e32ad1e7,Shourya-Kulkarni,2026-05-01,13:07:12,-07:00,2026-05-01T13:07:12-07:00,3,1
projects/projects.js,58,js,b1afd48c,Shourya-Kulkarni,2026-05-01,12:55:11,-07:00,2026-05-01T12:55:11-07:00,1,1
projects/projects.js,59,js,b1afd48c,Shourya-Kulkarni,2026-05-01,12:55:11,-07:00,2026-05-01T12:55:11-07:00,0,0
projects/projects.js,60,js,b1afd48c,Shourya-Kulkarni,2026-05-01,12:55:11,-07:00,2026-05-01T12:55:11-07:00,1,32
projects/projects.js,61,js,e32ad1e7,Shourya-Kulkarni,2026-05-01,13:07:12,-07:00,2026-05-01T13:07:12-07:00,1,25
projects/projects.js,62,js,b1afd48c,Shourya-Kulkarni,2026-05-01,12:55:11,-07:00,2026-05-01T12:55:11-07:00,2,17
projects/projects.js,63,js,e32ad1e7,Shourya-Kulkarni,2026-05-01,13:07:12,-07:00,2026-05-01T13:07:12-07:00,3,36
projects/projects.js,64,js,e32ad1e7,Shourya-Kulkarni,2026-05-01,13:07:12,-07:00,2026-05-01T13:07:12-07:00,3,74
projects/projects.js,65,js,b1afd48c,Shourya-Kulkarni,2026-05-01,12:55:11,-07:00,2026-05-01T12:55:11-07:00,3,69
projects/projects.js,66,js,b1afd48c,Shourya-Kulkarni,2026-05-01,12:55:11,-07:00,2026-05-01T12:55:11-07:00,1,1
projects/projects.js,67,js,b1afd48c,Shourya-Kulkarni,2026-05-01,12:55:11,-07:00,2026-05-01T12:55:11-07:00,0,0
projects/projects.js,68,js,b1afd48c,Shourya-Kulkarni,2026-05-01,12:55:11,-07:00,2026-05-01T12:55:11-07:00,0,0
projects/projects.js,69,js,b1afd48c,Shourya-Kulkarni,2026-05-01,12:55:11,-07:00,2026-05-01T12:55:11-07:00,0,23
projects/projects.js,70,js,b1afd48c,Shourya-Kulkarni,2026-05-01,12:55:11,-07:00,2026-05-01T12:55:11-07:00,0,48
projects/projects.js,71,js,b1afd48c,Shourya-Kulkarni,2026-05-01,12:55:11,-07:00,2026-05-01T12:55:11-07:00,0,0
projects/projects.js,72,js,e32ad1e7,Shourya-Kulkarni,2026-05-01,13:07:12,-07:00,2026-05-01T13:07:12-07:00,0,48
projects/projects.js,73,js,b1afd48c,Shourya-Kulkarni,2026-05-01,12:55:11,-07:00,2026-05-01T12:55:11-07:00,1,25
projects/projects.js,74,js,b1afd48c,Shourya-Kulkarni,2026-05-01,12:55:11,-07:00,2026-05-01T12:55:11-07:00,1,51
projects/projects.js,75,js,b1afd48c,Shourya-Kulkarni,2026-05-01,12:55:11,-07:00,2026-05-01T12:55:11-07:00,2,59
projects/projects.js,76,js,d812b6b7,Shourya-Kulkarni,2026-05-01,13:20:41,-07:00,2026-05-01T13:20:41-07:00,2,54
projects/projects.js,77,js,d812b6b7,Shourya-Kulkarni,2026-05-01,13:20:41,-07:00,2026-05-01T13:20:41-07:00,2,91
projects/projects.js,78,js,d812b6b7,Shourya-Kulkarni,2026-05-01,13:20:41,-07:00,2026-05-01T13:20:41-07:00,2,33
projects/projects.js,79,js,b1afd48c,Shourya-Kulkarni,2026-05-01,12:55:11,-07:00,2026-05-01T12:55:11-07:00,1,1
projects/projects.js,80,js,b1afd48c,Shourya-Kulkarni,2026-05-01,12:55:11,-07:00,2026-05-01T12:55:11-07:00,1,56
projects/projects.js,81,js,c7d4ddae,Shourya-Kulkarni,2026-05-01,13:26:53,-07:00,2026-05-01T13:26:53-07:00,1,23
projects/projects.js,82,js,3f440f28,Shourya-Kulkarni,2026-05-01,12:26:03,-07:00,2026-05-01T12:26:03-07:00,0,1
projects/index.html,1,html,19d0c2c9,Shourya-Kulkarni,2026-04-03,17:26:55,-07:00,2026-04-03T17:26:55-07:00,0,13
projects/index.html,2,html,19d0c2c9,Shourya-Kulkarni,2026-04-03,17:26:55,-07:00,2026-04-03T17:26:55-07:00,0,14
projects/index.html,3,html,19d0c2c9,Shourya-Kulkarni,2026-04-03,17:26:55,-07:00,2026-04-03T17:26:55-07:00,0,4
projects/index.html,4,html,19d0c2c9,Shourya-Kulkarni,2026-04-03,17:26:55,-07:00,2026-04-03T17:26:55-07:00,2,20
projects/index.html,5,html,19d0c2c9,Shourya-Kulkarni,2026-04-03,17:26:55,-07:00,2026-04-03T17:26:55-07:00,2,68
projects/index.html,6,html,eabafc68,Shourya-Kulkarni,2026-04-08,21:37:36,-07:00,2026-04-08T21:37:36-07:00,2,30
projects/index.html,7,html,eabafc68,Shourya-Kulkarni,2026-04-08,21:37:36,-07:00,2026-04-08T21:37:36-07:00,2,41
projects/index.html,8,html,30707128,Shourya-Kulkarni,2026-04-15,15:08:26,-07:00,2026-04-15T15:08:26-07:00,2,48
projects/index.html,9,html,da2212f7,Shourya-Kulkarni,2026-04-23,14:15:44,-07:00,2026-04-23T14:15:44-07:00,2,47
projects/index.html,10,html,19d0c2c9,Shourya-Kulkarni,2026-04-03,17:26:55,-07:00,2026-04-03T17:26:55-07:00,0,5
projects/index.html,11,html,19d0c2c9,Shourya-Kulkarni,2026-04-03,17:26:55,-07:00,2026-04-03T17:26:55-07:00,0,4
projects/index.html,12,html,8b87fa9f,Shourya-Kulkarni,2026-04-23,14:28:40,-07:00,2026-04-23T14:28:40-07:00,2,38
projects/index.html,13,html,9129375d,Shourya-Kulkarni,2026-05-01,12:45:22,-07:00,2026-05-01T12:45:22-07:00,2,21
projects/index.html,14,html,9129375d,Shourya-Kulkarni,2026-05-01,12:45:22,-07:00,2026-05-01T12:45:22-07:00,4,58
projects/index.html,15,html,9129375d,Shourya-Kulkarni,2026-05-01,12:45:22,-07:00,2026-05-01T12:45:22-07:00,4,22
projects/index.html,16,html,9129375d,Shourya-Kulkarni,2026-05-01,12:45:22,-07:00,2026-05-01T12:45:22-07:00,2,4
projects/index.html,17,html,b1afd48c,Shourya-Kulkarni,2026-05-01,12:55:11,-07:00,2026-05-01T12:55:11-07:00,2,102
projects/index.html,18,html,cb76562b,Shourya-Kulkarni,2026-04-08,21:47:58,-07:00,2026-04-08T21:47:58-07:00,2,20
projects/index.html,19,html,cb76562b,Shourya-Kulkarni,2026-04-08,21:47:58,-07:00,2026-04-08T21:47:58-07:00,2,4
projects/index.html,20,html,261365a7,Shourya-Kulkarni,2026-04-03,18:05:01,-07:00,2026-04-03T18:05:01-07:00,2,41
projects/index.html,21,html,19d0c2c9,Shourya-Kulkarni,2026-04-03,17:26:55,-07:00,2026-04-03T17:26:55-07:00,0,5
projects/index.html,22,html,19d0c2c9,Shourya-Kulkarni,2026-04-03,17:26:55,-07:00,2026-04-03T17:26:55-07:00,0,5
projects/index.html,23,html,19d0c2c9,Shourya-Kulkarni,2026-04-03,17:26:55,-07:00,2026-04-03T17:26:55-07:00,0,0
contact/index.html,1,html,55cd06da,Shourya-Kulkarni,2026-04-03,17:19:30,-07:00,2026-04-03T17:19:30-07:00,0,13
contact/index.html,2,html,55cd06da,Shourya-Kulkarni,2026-04-03,17:19:30,-07:00,2026-04-03T17:19:30-07:00,0,14
contact/index.html,3,html,55cd06da,Shourya-Kulkarni,2026-04-03,17:19:30,-07:00,2026-04-03T17:19:30-07:00,0,4
contact/index.html,4,html,55cd06da,Shourya-Kulkarni,2026-04-03,17:19:30,-07:00,2026-04-03T17:19:30-07:00,2,20
contact/index.html,5,html,55cd06da,Shourya-Kulkarni,2026-04-03,17:19:30,-07:00,2026-04-03T17:19:30-07:00,2,68
contact/index.html,6,html,eabafc68,Shourya-Kulkarni,2026-04-08,21:37:36,-07:00,2026-04-08T21:37:36-07:00,2,29
contact/index.html,7,html,eabafc68,Shourya-Kulkarni,2026-04-08,21:37:36,-07:00,2026-04-08T21:37:36-07:00,2,41
contact/index.html,8,html,3d28db8a,Shourya-Kulkarni,2026-04-15,15:31:59,-07:00,2026-04-15T15:31:59-07:00,2,48
contact/index.html,9,html,55cd06da,Shourya-Kulkarni,2026-04-03,17:19:30,-07:00,2026-04-03T17:19:30-07:00,0,4
contact/index.html,10,html,55cd06da,Shourya-Kulkarni,2026-04-03,17:19:30,-07:00,2026-04-03T17:19:30-07:00,2,14
contact/index.html,11,html,5a36f410,Shourya-Kulkarni,2026-04-03,17:32:28,-07:00,2026-04-03T17:32:28-07:00,2,75
contact/index.html,12,html,cb76562b,Shourya-Kulkarni,2026-04-08,21:47:58,-07:00,2026-04-08T21:47:58-07:00,4,11
contact/index.html,13,html,5a36f410,Shourya-Kulkarni,2026-04-03,17:32:28,-07:00,2026-04-03T17:32:28-07:00,6,31
contact/index.html,14,html,5a36f410,Shourya-Kulkarni,2026-04-03,17:32:28,-07:00,2026-04-03T17:32:28-07:00,4,6
contact/index.html,15,html,cb76562b,Shourya-Kulkarni,2026-04-08,21:47:58,-07:00,2026-04-08T21:47:58-07:00,4,13
contact/index.html,16,html,5a36f410,Shourya-Kulkarni,2026-04-03,17:32:28,-07:00,2026-04-03T17:32:28-07:00,6,20
contact/index.html,17,html,5a36f410,Shourya-Kulkarni,2026-04-03,17:32:28,-07:00,2026-04-03T17:32:28-07:00,4,6
contact/index.html,18,html,cb76562b,Shourya-Kulkarni,2026-04-08,21:47:58,-07:00,2026-04-08T21:47:58-07:00,4,13
contact/index.html,19,html,5a36f410,Shourya-Kulkarni,2026-04-03,17:32:28,-07:00,2026-04-03T17:32:28-07:00,6,31
contact/index.html,20,html,5a36f410,Shourya-Kulkarni,2026-04-03,17:32:28,-07:00,2026-04-03T17:32:28-07:00,4,6
contact/index.html,21,html,5a36f410,Shourya-Kulkarni,2026-04-03,17:32:28,-07:00,2026-04-03T17:32:28-07:00,4,21
contact/index.html,22,html,5a36f410,Shourya-Kulkarni,2026-04-03,17:32:28,-07:00,2026-04-03T17:32:28-07:00,2,5
contact/index.html,23,html,55cd06da,Shourya-Kulkarni,2026-04-03,17:19:30,-07:00,2026-04-03T17:19:30-07:00,0,5
contact/index.html,24,html,55cd06da,Shourya-Kulkarni,2026-04-03,17:19:30,-07:00,2026-04-03T17:19:30-07:00,0,5
contact/index.html,25,html,55cd06da,Shourya-Kulkarni,2026-04-03,17:19:30,-07:00,2026-04-03T17:19:30-07:00,0,0
